trial_id,order_id,target,pics,position,focus,prompt,sentence,category,ikemap,ikemas
148,1,しっぽ,tail.jpeg,utt-medial,out-of-focus,カニさんはしっぽを見ましたか？,いいえ、マサイさんがしっぽを見ましたよ。,filler,カニがどぅ　じゅーゆ　みーたいな？,あらん。マサイがどぅ　じゅーゆ　みーたいよ。
124,2,砂,sand.jpeg,utt-medial,out-of-focus,カニさんは砂を見ましたか？,いいえ、マサイさんが砂を見ましたよ。,filler,カニがどぅ　んなぐー　みーたいな？,あらん。マサイがどぅ　んなぐー　みーたいよ。
58,3,魚,fish.jpeg,utt-medial,out-of-focus,カニさんは魚を見ましたか？,いいえ、マサイさんが魚を見ましたよ。,experiment,カニがどぅ　っずー　みーたいな？,あらん。マサイがどぅ　っずー　みーたいよ。
154,4,月,moon.jpeg,utt-medial,out-of-focus,カニさんは月を見ましたか？,いいえ、マサイさんが月を見ましたよ。,filler,カニがどぅ　つっちゅー　みーたいな？,あらん。マサイがどぅ　つっちゅー　みーたいよ。
115,5,湖,lake.jpeg,phrase-medial,in-focus,マサイさんは何を見ましたか？,マサイさんは大きい湖を見ましたよ。,filler,マサイや　なうゆどぅ　みーたいが？,マサイや　がばーほぅらなうどぅ　みーたいよ。
66,6,苗,nae.jpeg,utt-initial,out-of-focus,苗が西村の方に見えますか？,いいえ、苗が池間の方に見えますよ。,comparison,ないぬどぅ　西村ん　みーらいゆーな？,あらん。ないぬどぅ　池間ん　みーらいゆーい。
72,7,凪,nagi.jpeg,utt-initial,out-of-focus,凪が西村の方に見えますか？,いいえ、凪が池間の方に見えますよ。,comparison,なぎぬどぅ　西村ん　みーらいゆーな？,あらん。なぎぬどぅ　池間ん　みーらいゆーい。
42,8,芋,imo.jpeg,utt-initial,out-of-focus,芋が西村の方に見えますか？,いいえ、芋が池間の方に見えますよ。,experiment,んーぬどぅ　西村ん　みーらいゆーな？,あらん。んーぬどぅ　池間ん　みーらいゆーい。
16,9,綱,tsuna.jpeg,utt-medial,out-of-focus,カニさんは綱を見ましたか？,いいえ、マサイさんが綱を見ましたよ。,experiment,カニがどぅ　ん°なう　みーたいな？,あらん。マサイがどぅ　ん°なう　みーたいよ。
79,10,おにぎり,onigiri.jpeg,phrase-medial,in-focus,マサイさんは何を見ましたか？,マサイさんは大きいおにぎりを見ましたよ。,comparison,マサイや　なうゆどぅ　みーたいが？,マサイや　がばーぬいゆどぅ　みーたいよ。
13,11,綱,tsuna.jpeg,phrase-medial,in-focus,マサイさんは何を見ましたか？,マサイさんは大きい綱を見ましたよ。,experiment,マサイや　なうゆどぅ　みーたいが？,マサイや　がばーん°なうどぅ　みーたいよ。
95,12,藻,algae.jpeg,utt-initial,in-focus,何が池間の方に見えますか？,藻が池間の方に見えますよ。,comparison,なうぬどぅ　池間ん　みーらいゆ？,むーぬどぅ　池間ん　みーらいゆーい。
19,13,角,horn.jpeg,phrase-medial,in-focus,マサイさんは何を見ましたか？,マサイさんは大きい角を見ましたよ。,experiment,マサイや　なうゆどぅ　みーたいが？,マサイや　がばーん°ぬうどぅ　みーたいよ。
32,14,草,grass.jpeg,phrase-medial,out-of-focus,カニさんは大きい草を見ましたか？,いいえ、マサイさんが大きい草を見ましたよ。,experiment,カニがどぅ　がばーっさう　みーたいな？,あらん。マサイがどぅ　がばーっさう　みーたいよ。
83,15,おにぎり,onigiri.jpeg,utt-initial,in-focus,何が池間の方に見えますか？,おにぎりが池間の方に見えますよ。,comparison,なうぬどぅ　池間ん　みーらいゆ？,ぬいぬどぅ　池間ん　みーらいゆーい。
45,16,巻貝,makigai.jpeg,utt-medial,in-focus,マサイさんは何を見ましたか？,マサイさんは巻貝を見ましたよ。,experiment,マサイや　なうゆどぅ　みーたいが？,マサイや　んなうどぅ　みーたいよ。
144,17,足,foot.jpeg,utt-initial,out-of-focus,足が西村の方に見えますか？,いいえ、足が池間の方に見えますよ。,filler,はずぬどぅ　西村ん　みーらいゆーな？,あらん。はずぬどぅ　池間ん　みーらいゆーい。
38,18,芋,imo.jpeg,phrase-medial,out-of-focus,カニさんは大きい芋を見ましたか？,いいえ、マサイさんが大きい芋を見ましたよ。,experiment,カニがどぅ　がばーんーぬ　みーたいな？,あらん。マサイがどぅ　がばーんーぬ　みーたいよ。
109,19,鼻,nose.jpeg,phrase-medial,in-focus,マサイさんは何を見ましたか？,マサイさんは大きい鼻を見ましたよ。,filler,マサイや　なうゆどぅ　みーたいが？,マサイや　がばーはなうどぅ　みーたいよ。
122,20,砂,sand.jpeg,phrase-medial,out-of-focus,カニさんは大きい砂を見ましたか？,いいえ、マサイさんが大きい砂を見ましたよ。,filler,カニがどぅ　がばーんなぐー　みーたいな？,あらん。マサイがどぅ　がばーんなぐー　みーたいよ。
6,21,雲,cloud.jpeg,utt-initial,out-of-focus,雲が西村の方に見えますか？,いいえ、雲が池間の方に見えますよ。,experiment,ん°むぬどぅ　西村ん　みーらいゆーな？,あらん。ん°むぬどぅ　池間ん　みーらいゆーい。
33,22,草,grass.jpeg,utt-medial,in-focus,マサイさんは何を見ましたか？,マサイさんは草を見ましたよ。,experiment,マサイや　なうゆどぅ　みーたいが？,マサイや　っさうどぅ　みーたいよ。
67,23,凪,nagi.jpeg,phrase-medial,in-focus,マサイさんは何を見ましたか？,マサイさんは大きい凪を見ましたよ。,comparison,マサイや　なうゆどぅ　みーたいが？,マサイや　がばーなぎゅーどぅ　みーたいよ。
56,24,魚,fish.jpeg,phrase-medial,out-of-focus,カニさんは大きい魚を見ましたか？,いいえ、マサイさんが大きい魚を見ましたよ。,experiment,カニがどぅ　がばーっずー　みーたいな？,あらん。マサイがどぅ　がばーっずー　みーたいよ。
104,25,葉,leaf.jpeg,phrase-medial,out-of-focus,カニさんは大きい葉を見ましたか？,いいえ、マサイさんが大きい葉を見ましたよ。,filler,カニがどぅ　がばーはーゆ　みーたいな？,あらん。マサイがどぅ　がばーはーゆ　みーたいよ。
1,26,雲,cloud.jpeg,phrase-medial,in-focus,マサイさんは何を見ましたか？,マサイさんは大きい雲を見ましたよ。,experiment,マサイや　なうゆどぅ　みーたいが？,マサイや　がばーん°むーどぅ　みーたいよ。
110,27,鼻,nose.jpeg,phrase-medial,out-of-focus,カニさんは大きい鼻を見ましたか？,いいえ、マサイさんが大きい鼻を見ましたよ。,filler,カニがどぅ　がばーはなう　みーたいな？,あらん。マサイがどぅ　がばーはなう　みーたいよ。
112,28,鼻,nose.jpeg,utt-medial,out-of-focus,カニさんは鼻を見ましたか？,いいえ、マサイさんが鼻を見ましたよ。,filler,カニがどぅ　はなう　みーたいな？,あらん。マサイがどぅ　はなう　みーたいよ。
127,29,手,hand.jpeg,phrase-medial,in-focus,マサイさんは何を見ましたか？,マサイさんは大きい手を見ましたよ。,filler,マサイや　なうゆどぅ　みーたいが？,マサイや　がばーてぃーゆどぅ　みーたいよ。
18,30,綱,tsuna.jpeg,utt-initial,out-of-focus,綱が西村の方に見えますか？,いいえ、綱が池間の方に見えますよ。,experiment,ん°なぬどぅ　西村ん　みーらいゆーな？,あらん。ん°なぬどぅ　池間ん　みーらいゆーい。
26,31,舌,tongue.jpeg,phrase-medial,out-of-focus,カニさんは大きい舌を見ましたか？,いいえ、マサイさんが大きい舌を見ましたよ。,experiment,カニがどぅ　がばーったう　みーたいな？,あらん。マサイがどぅ　がばーったう　みーたいよ。
43,32,巻貝,makigai.jpeg,phrase-medial,in-focus,マサイさんは何を見ましたか？,マサイさんは大きい巻貝を見ましたよ。,experiment,マサイや　なうゆどぅ　みーたいが？,マサイや　がばーんなうどぅ　みーたいよ。
139,33,足,foot.jpeg,phrase-medial,in-focus,マサイさんは何を見ましたか？,マサイさんは大きい足を見ましたよ。,filler,マサイや　なうゆどぅ　みーたいが？,マサイや　がばーはっじゅどぅ　みーたいよ。
150,34,しっぽ,tail.jpeg,utt-initial,out-of-focus,しっぽが西村の方に見えますか？,いいえ、しっぽが池間の方に見えますよ。,filler,じゅーぬどぅ　西村ん　みーらいゆーな？,あらん。じゅーぬどぅ　池間ん　みーらいゆーい。
17,35,綱,tsuna.jpeg,utt-initial,in-focus,何が池間の方に見えますか？,綱が池間の方に見えますよ。,experiment,なうぬどぅ　池間ん　みーらいゆ？,ん°なぬどぅ　池間ん　みーらいゆーい。
94,36,藻,algae.jpeg,utt-medial,out-of-focus,カニさんは藻を見ましたか？,いいえ、マサイさんが藻を見ましたよ。,comparison,カニがどぅ　むーゆ　みーたいな？,あらん。マサイがどぅ　むーゆ　みーたいよ。
96,37,藻,algae.jpeg,utt-initial,out-of-focus,藻が西村の方に見えますか？,いいえ、藻が池間の方に見えますよ。,comparison,むーぬどぅ　西村ん　みーらいゆーな？,あらん。むーぬどぅ　池間ん　みーらいゆーい。
2,38,雲,cloud.jpeg,phrase-medial,out-of-focus,カニさんは大きい雲を見ましたか？,いいえ、マサイさんが大きい雲を見ましたよ。,experiment,カニがどぅ　がばーん°むー　みーたいな？,あらん。マサイがどぅ　がばーん°むー　みーたいよ。
77,39,波,nami.jpeg,utt-initial,in-focus,何が池間の方に見えますか？,波が池間の方に見えますよ。,comparison,なうぬどぅ　池間ん　みーらいゆ？,なんぬどぅ　池間ん　みーらいゆーい。
140,40,足,foot.jpeg,phrase-medial,out-of-focus,カニさんは大きい足を見ましたか？,いいえ、マサイさんが大きい足を見ましたよ。,filler,カニがどぅ　がばーはっじゅ　みーたいな？,あらん。マサイがどぅ　がばーはっじゅ　みーたいよ。
98,41,縄,nawa.jpeg,phrase-medial,out-of-focus,カニさんは大きい縄を見ましたか？,いいえ、マサイさんが大きい縄を見ましたよ。,comparison,カニがどぅ　がばーなーゆ　みーたいな？,あらん。マサイがどぅ　がばーなーゆ　みーたいよ。
5,42,雲,cloud.jpeg,utt-initial,in-focus,何が池間の方に見えますか？,雲が池間の方に見えますよ。,experiment,なうぬどぅ　池間ん　みーらいゆ？,ん°むぬどぅ　池間ん　みーらいゆーい。
54,43,みの,mino.jpeg,utt-initial,out-of-focus,みのが西村の方に見えますか？,いいえ、みのが池間の方に見えますよ。,experiment,んぬぬどぅ　西村ん　みーらいゆーな？,あらん。んぬぬどぅ　池間ん　みーらいゆーい。
106,44,葉,leaf.jpeg,utt-medial,out-of-focus,カニさんは葉を見ましたか？,いいえ、マサイさんが葉を見ましたよ。,filler,カニがどぅ　はーゆ　みーたいな？,あらん。マサイがどぅ　はーゆ　みーたいよ。
23,45,角,horn.jpeg,utt-initial,in-focus,何が池間の方に見えますか？,角が池間の方に見えますよ。,experiment,なうぬどぅ　池間ん　みーらいゆ？,ん°ぬぬどぅ　池間ん　みーらいゆーい。
145,46,しっぽ,tail.jpeg,phrase-medial,in-focus,マサイさんは何を見ましたか？,マサイさんは大きいしっぽを見ましたよ。,filler,マサイや　なうゆどぅ　みーたいが？,マサイや　がばーじゅーゆどぅ　みーたいよ。
74,47,波,nami.jpeg,phrase-medial,out-of-focus,カニさんは大きい波を見ましたか？,いいえ、マサイさんが大きい波を見ましたよ。,comparison,カニがどぅ　がばーなんぬ　みーたいな？,あらん。マサイがどぅ　がばーなんぬ　みーたいよ。
132,48,手,hand.jpeg,utt-initial,out-of-focus,手が西村の方に見えますか？,いいえ、手が池間の方に見えますよ。,filler,てぃーぬどぅ　西村ん　みーらいゆーな？,あらん。てぃーぬどぅ　池間ん　みーらいゆーい。
118,49,湖,lake.jpeg,utt-medial,out-of-focus,カニさんは湖を見ましたか？,いいえ、マサイさんが湖を見ましたよ。,filler,カニがどぅ　ほぅらなう　みーたいな？,あらん。マサイがどぅ　ほぅらなう　みーたいよ。
100,50,縄,nawa.jpeg,utt-medial,out-of-focus,カニさんは縄を見ましたか？,いいえ、マサイさんが縄を見ましたよ。,comparison,カニがどぅ　なーゆ　みーたいな？,あらん。マサイがどぅ　なーゆ　みーたいよ。
34,51,草,grass.jpeg,utt-medial,out-of-focus,カニさんは草を見ましたか？,いいえ、マサイさんが草を見ましたよ。,experiment,カニがどぅ　っさう　みーたいな？,あらん。マサイがどぅ　っさう　みーたいよ。
117,52,湖,lake.jpeg,utt-medial,in-focus,マサイさんは何を見ましたか？,マサイさんは湖を見ましたよ。,filler,マサイや　なうゆどぅ　みーたいが？,マサイや　ほぅらなうどぅ　みーたいよ。
116,53,湖,lake.jpeg,phrase-medial,out-of-focus,カニさんは大きい湖を見ましたか？,いいえ、マサイさんが大きい湖を見ましたよ。,filler,カニがどぅ　がばーほぅらなう　みーたいな？,あらん。マサイがどぅ　がばーほぅらなう　みーたいよ。
138,54,目,eye.jpeg,utt-initial,out-of-focus,目が西村の方に見えますか？,いいえ、目が池間の方に見えますよ。,filler,みーぬどぅ　西村ん　みーらいゆーな？,あらん。みーぬどぅ　池間ん　みーらいゆーい。
105,55,葉,leaf.jpeg,utt-medial,in-focus,マサイさんは何を見ましたか？,マサイさんは葉を見ましたよ。,filler,マサイや　なうゆどぅ　みーたいが？,マサイや　はーゆどぅ　みーたいよ。
146,56,しっぽ,tail.jpeg,phrase-medial,out-of-focus,カニさんは大きいしっぽを見ましたか？,いいえ、マサイさんが大きいしっぽを見ましたよ。,filler,カニがどぅ　がばーじゅーゆ　みーたいな？,あらん。マサイがどぅ　がばーじゅーゆ　みーたいよ。
119,57,湖,lake.jpeg,utt-initial,in-focus,何が池間の方に見えますか？,湖が池間の方に見えますよ。,filler,なうぬどぅ　池間ん　みーらいゆ？,ほぅらなぬどぅ　池間ん　みーらいゆーい。
64,58,苗,nae.jpeg,utt-medial,out-of-focus,カニさんは苗を見ましたか？,いいえ、マサイさんが苗を見ましたよ。,comparison,カニがどぅ　ないゆ　みーたいな？,あらん。マサイがどぅ　ないゆ　みーたいよ。
129,59,手,hand.jpeg,utt-medial,in-focus,マサイさんは何を見ましたか？,マサイさんは手を見ましたよ。,filler,マサイや　なうゆどぅ　みーたいが？,マサイや　てぃーゆどぅ　みーたいよ。
87,60,猫,cat.jpeg,utt-medial,in-focus,マサイさんは何を見ましたか？,マサイさんは猫を見ましたよ。,comparison,マサイや　なうゆどぅ　みーたいが？,マサイや　まゆーどぅ　みーたいよ。
62,61,苗,nae.jpeg,phrase-medial,out-of-focus,カニさんは大きい苗を見ましたか？,いいえ、マサイさんが大きい苗を見ましたよ。,comparison,カニがどぅ　がばーないゆ　みーたいな？,あらん。マサイがどぅ　がばーないゆ　みーたいよ。
52,62,みの,mino.jpeg,utt-medial,out-of-focus,カニさんはみのを見ましたか？,いいえ、マサイさんがみのを見ましたよ。,experiment,カニがどぅ　んぬー　みーたいな？,あらん。マサイがどぅ　んぬー　みーたいよ。
152,63,月,moon.jpeg,phrase-medial,out-of-focus,カニさんは大きい月を見ましたか？,いいえ、マサイさんが大きい月を見ましたよ。,filler,カニがどぅ　がばーつっちゅー　みーたいな？,あらん。マサイがどぅ　がばーつっちゅー　みーたいよ。
22,64,角,horn.jpeg,utt-medial,out-of-focus,カニさんは角を見ましたか？,いいえ、マサイさんが角を見ましたよ。,experiment,カニがどぅ　ん°ぬう　みーたいな？,あらん。マサイがどぅ　ん°ぬう　みーたいよ。
36,65,草,grass.jpeg,utt-initial,out-of-focus,草が西村の方に見えますか？,いいえ、草が池間の方に見えますよ。,experiment,っさぬどぅ　西村ん　みーらいゆーな？,あらん。っさぬどぅ　池間ん　みーらいゆーい。
120,66,湖,lake.jpeg,utt-initial,out-of-focus,湖が西村の方に見えますか？,いいえ、湖が池間の方に見えますよ。,filler,ほぅらなぬどぅ　西村ん　みーらいゆーな？,あらん。ほぅらなぬどぅ　池間ん　みーらいゆーい。
123,67,砂,sand.jpeg,utt-medial,in-focus,マサイさんは何を見ましたか？,マサイさんは砂を見ましたよ。,filler,マサイや　なうゆどぅ　みーたいが？,マサイや　んなぐーどぅ　みーたいよ。
46,68,巻貝,makigai.jpeg,utt-medial,out-of-focus,カニさんは巻貝を見ましたか？,いいえ、マサイさんが巻貝を見ましたよ。,experiment,カニがどぅ　んなう　みーたいな？,あらん。マサイがどぅ　んなう　みーたいよ。
142,69,足,foot.jpeg,utt-medial,out-of-focus,カニさんは足を見ましたか？,いいえ、マサイさんが足を見ましたよ。,filler,カニがどぅ　はっじゅ　みーたいな？,あらん。マサイがどぅ　はっじゅ　みーたいよ。
126,70,砂,sand.jpeg,utt-initial,out-of-focus,砂が西村の方に見えますか？,いいえ、砂が池間の方に見えますよ。,filler,んなぐぬどぅ　西村ん　みーらいゆーな？,あらん。んなぐぬどぅ　池間ん　みーらいゆーい。
71,71,凪,nagi.jpeg,utt-initial,in-focus,何が池間の方に見えますか？,凪が池間の方に見えますよ。,comparison,なうぬどぅ　池間ん　みーらいゆ？,なぎぬどぅ　池間ん　みーらいゆーい。
75,72,波,nami.jpeg,utt-medial,in-focus,マサイさんは何を見ましたか？,マサイさんは波を見ましたよ。,comparison,マサイや　なうゆどぅ　みーたいが？,マサイや　なんぬどぅ　みーたいよ。
29,73,舌,tongue.jpeg,utt-initial,in-focus,何が池間の方に見えますか？,舌が池間の方に見えますよ。,experiment,なうぬどぅ　池間ん　みーらいゆ？,ったぬどぅ　池間ん　みーらいゆーい。
121,74,砂,sand.jpeg,phrase-medial,in-focus,マサイさんは何を見ましたか？,マサイさんは大きい砂を見ましたよ。,filler,マサイや　なうゆどぅ　みーたいが？,マサイや　がばーんなぐーどぅ　みーたいよ。
60,75,魚,fish.jpeg,utt-initial,out-of-focus,魚が西村の方に見えますか？,いいえ、魚が池間の方に見えますよ。,experiment,っずぬどぅ　西村ん　みーらいゆーな？,あらん。っずぬどぅ　池間ん　みーらいゆーい。
21,76,角,horn.jpeg,utt-medial,in-focus,マサイさんは何を見ましたか？,マサイさんは角を見ましたよ。,experiment,マサイや　なうゆどぅ　みーたいが？,マサイや　ん°ぬうどぅ　みーたいよ。
90,77,猫,cat.jpeg,utt-initial,out-of-focus,猫が西村の方に見えますか？,いいえ、猫が池間の方に見えますよ。,comparison,まゆぬどぅ　西村ん　みーらいゆーな？,あらん。まゆぬどぅ　池間ん　みーらいゆーい。
55,78,魚,fish.jpeg,phrase-medial,in-focus,マサイさんは何を見ましたか？,マサイさんは大きい魚を見ましたよ。,experiment,マサイや　なうゆどぅ　みーたいが？,マサイや　がばーっずーどぅ　みーたいよ。
15,79,綱,tsuna.jpeg,utt-medial,in-focus,マサイさんは何を見ましたか？,マサイさんは綱を見ましたよ。,experiment,マサイや　なうゆどぅ　みーたいが？,マサイや　ん°なうどぅ　みーたいよ。
27,80,舌,tongue.jpeg,utt-medial,in-focus,マサイさんは何を見ましたか？,マサイさんは舌を見ましたよ。,experiment,マサイや　なうゆどぅ　みーたいが？,マサイや　ったうどぅ　みーたいよ。
125,81,砂,sand.jpeg,utt-initial,in-focus,何が池間の方に見えますか？,砂が池間の方に見えますよ。,filler,なうぬどぅ　池間ん　みーらいゆ？,んなぐぬどぅ　池間ん　みーらいゆーい。
147,82,しっぽ,tail.jpeg,utt-medial,in-focus,マサイさんは何を見ましたか？,マサイさんはしっぽを見ましたよ。,filler,マサイや　なうゆどぅ　みーたいが？,マサイや　じゅーゆどぅ　みーたいよ。
114,83,鼻,nose.jpeg,utt-initial,out-of-focus,鼻が西村の方に見えますか？,いいえ、鼻が池間の方に見えますよ。,filler,はなぬどぅ　西村ん　みーらいゆーな？,あらん。はなぬどぅ　池間ん　みーらいゆーい。
63,84,苗,nae.jpeg,utt-medial,in-focus,マサイさんは何を見ましたか？,マサイさんは苗を見ましたよ。,comparison,マサイや　なうゆどぅ　みーたいが？,マサイや　ないうどぅ　みーたいよ。
24,85,角,horn.jpeg,utt-initial,out-of-focus,角が西村の方に見えますか？,いいえ、角が池間の方に見えますよ。,experiment,ん°ぬぬどぅ　西村ん　みーらいゆーな？,あらん。ん°ぬぬどぅ　池間ん　みーらいゆーい。
143,86,足,foot.jpeg,utt-initial,in-focus,何が池間の方に見えますか？,足が池間の方に見えますよ。,filler,なうぬどぅ　池間ん　みーらいゆ？,はずぬどぅ　池間ん　みーらいゆーい。
113,87,鼻,nose.jpeg,utt-initial,in-focus,何が池間の方に見えますか？,鼻が池間の方に見えますよ。,filler,なうぬどぅ　池間ん　みーらいゆ？,はなぬどぅ　池間ん　みーらいゆーい。
7,88,蜘蛛,spider.jpeg,phrase-medial,in-focus,マサイさんは何を見ましたか？,マサイさんは大きい蜘蛛を見ましたよ。,experiment,マサイや　なうゆどぅ　みーたいが？,マサイや　がばーん°むーどぅ　みーたいよ。
136,89,目,eye.jpeg,utt-medial,out-of-focus,カニさんは目を見ましたか？,いいえ、マサイさんが目を見ましたよ。,filler,カニがどぅ　みーゆ　みーたいな？,あらん。マサイがどぅ　みーゆ　みーたいよ。
78,90,波,nami.jpeg,utt-initial,out-of-focus,波が西村の方に見えますか？,いいえ、波が池間の方に見えますよ。,comparison,なんぬどぅ　西村ん　みーらいゆーな？,あらん。なんぬどぅ　池間ん　みーらいゆーい。
89,91,猫,cat.jpeg,utt-initial,in-focus,何が池間の方に見えますか？,猫が池間の方に見えますよ。,comparison,なうぬどぅ　池間ん　みーらいゆ？,まゆぬどぅ　池間ん　みーらいゆーい。
135,92,目,eye.jpeg,utt-medial,in-focus,マサイさんは何を見ましたか？,マサイさんは目を見ましたよ。,filler,マサイや　なうゆどぅ　みーたいが？,マサイや　みーゆどぅ　みーたいよ。
28,93,舌,tongue.jpeg,utt-medial,out-of-focus,カニさんは舌を見ましたか？,いいえ、マサイさんが舌を見ましたよ。,experiment,カニがどぅ　ったう　みーたいな？,あらん。マサイがどぅ　ったう　みーたいよ。
93,94,藻,algae.jpeg,utt-medial,in-focus,マサイさんは何を見ましたか？,マサイさんは藻を見ましたよ。,comparison,マサイや　なうゆどぅ　みーたいが？,マサイや　むーゆどぅ　みーたいよ。
44,95,巻貝,makigai.jpeg,phrase-medial,out-of-focus,カニさんは大きい巻貝を見ましたか？,いいえ、マサイさんが大きい巻貝を見ましたよ。,experiment,カニがどぅ　がばーんなう　みーたいな？,あらん。マサイがどぅ　がばーんなう　みーたいよ。
134,96,目,eye.jpeg,phrase-medial,out-of-focus,カニさんは大きい目を見ましたか？,いいえ、マサイさんが大きい目を見ましたよ。,filler,カニがどぅ　がばーみーゆ　みーたいな？,あらん。マサイがどぅ　がばーみーゆ　みーたいよ。
50,97,みの,mino.jpeg,phrase-medial,out-of-focus,カニさんは大きいみのを見ましたか？,いいえ、マサイさんが大きいみのを見ましたよ。,experiment,カニがどぅ　がばーんぬー　みーたいな？,あらん。マサイがどぅ　がばーんぬー　みーたいよ。
47,98,巻貝,makigai.jpeg,utt-initial,in-focus,何が池間の方に見えますか？,巻貝が池間の方に見えますよ。,experiment,なうぬどぅ　池間ん　みーらいゆ？,んなぬどぅ　池間ん　みーらいゆーい。
85,99,猫,cat.jpeg,phrase-medial,in-focus,マサイさんは何を見ましたか？,マサイさんは大きい猫を見ましたよ。,comparison,マサイや　なうゆどぅ　みーたいが？,マサイや　がばーまゆーどぅ　みーたいよ。
53,100,みの,mino.jpeg,utt-initial,in-focus,何が池間の方に見えますか？,みのが池間の方に見えますよ。,experiment,なうぬどぅ　池間ん　みーらいゆ？,んぬぬどぅ　池間ん　みーらいゆーい。
25,101,舌,tongue.jpeg,phrase-medial,in-focus,マサイさんは何を見ましたか？,マサイさんは大きい舌を見ましたよ。,experiment,マサイや　なうゆどぅ　みーたいが？,マサイや　がばーったうどぅ　みーたいよ。
31,102,草,grass.jpeg,phrase-medial,in-focus,マサイさんは何を見ましたか？,マサイさんは大きい草を見ましたよ。,experiment,マサイや　なうゆどぅ　みーたいが？,マサイや　がばーっさうどぅ　みーたいよ。
57,103,魚,fish.jpeg,utt-medial,in-focus,マサイさんは何を見ましたか？,マサイさんは魚を見ましたよ。,experiment,マサイや　なうゆどぅ　みーたいが？,マサイや　っずーどぅ　みーたいよ。
99,104,縄,nawa.jpeg,utt-medial,in-focus,マサイさんは何を見ましたか？,マサイさんは縄を見ましたよ。,comparison,マサイや　なうゆどぅ　みーたいが？,マサイや　なーゆどぅ　みーたいよ。
68,105,凪,nagi.jpeg,phrase-medial,out-of-focus,カニさんは大きい凪を見ましたか？,いいえ、マサイさんが大きい凪を見ましたよ。,comparison,カニがどぅ　がばーなぎゅー　みーたいな？,あらん。マサイがどぅ　がばーなぎゅー　みーたいよ。
155,106,月,moon.jpeg,utt-initial,in-focus,何が池間の方に見えますか？,月が池間の方に見えますよ。,filler,なうぬどぅ　池間ん　みーらいゆ？,つっちゅぬどぅ　池間ん　みーらいゆーい。
39,107,芋,imo.jpeg,utt-medial,in-focus,マサイさんは何を見ましたか？,マサイさんは芋を見ましたよ。,experiment,マサイや　なうゆどぅ　みーたいが？,マサイや　んーぬどぅ　みーたいよ。
91,108,藻,algae.jpeg,phrase-medial,in-focus,マサイさんは何を見ましたか？,マサイさんは大きい藻を見ましたよ。,comparison,マサイや　なうゆどぅ　みーたいが？,マサイや　がばーむーゆどぅ　みーたいよ。
153,109,月,moon.jpeg,utt-medial,in-focus,マサイさんは何を見ましたか？,マサイさんは月を見ましたよ。,filler,マサイや　なうゆどぅ　みーたいが？,マサイや　つっちゅーどぅ　みーたいよ。
12,110,蜘蛛,spider.jpeg,utt-initial,out-of-focus,蜘蛛が西村の方に見えますか？,いいえ、蜘蛛が池間の方に見えますよ。,experiment,ん°むぬどぅ　西村ん　みーらいゆーな？,あらん。ん°むぬどぅ　池間ん　みーらいゆーい。
82,111,おにぎり,onigiri.jpeg,utt-medial,out-of-focus,カニさんはおにぎりを見ましたか？,いいえ、マサイさんがおにぎりを見ましたよ。,comparison,カニがどぅ　ぬいゆ　みーたいな？,あらん。マサイがどぅ　ぬいゆ　みーたいよ。
156,112,月,moon.jpeg,utt-initial,out-of-focus,月が西村の方に見えますか？,いいえ、月が池間の方に見えますよ。,filler,つっちゅぬどぅ　西村ん　みーらいゆーな？,あらん。つっちゅぬどぅ　池間ん　みーらいゆーい。
137,113,目,eye.jpeg,utt-initial,in-focus,何が池間の方に見えますか？,目が池間の方に見えますよ。,filler,なうぬどぅ　池間ん　みーらいゆ？,みーぬどぅ　池間ん　みーらいゆーい。
4,114,雲,cloud.jpeg,utt-medial,out-of-focus,カニさんは雲を見ましたか？,いいえ、マサイさんが雲を見ましたよ。,experiment,カニがどぅ　ん°むー　みーたいな？,あらん。マサイがどぅ　ん°むー　みーたいよ。
65,115,苗,nae.jpeg,utt-initial,in-focus,何が池間の方に見えますか？,苗が池間の方に見えますよ。,comparison,なうぬどぅ　池間ん　みーらいゆ？,ないぬどぅ　池間ん　みーらいゆーい。
76,116,波,nami.jpeg,utt-medial,out-of-focus,カニさんは波を見ましたか？,いいえ、マサイさんが波を見ましたよ。,comparison,カニがどぅ　なんぬ　みーたいな？,あらん。マサイがどぅ　なんぬ　みーたいよ。
61,117,苗,nae.jpeg,phrase-medial,in-focus,マサイさんは何を見ましたか？,マサイさんは大きい苗を見ましたよ。,comparison,マサイや　なうゆどぅ　みーたいが？,マサイや　がばーないゆどぅ　みーたいよ。
151,118,月,moon.jpeg,phrase-medial,in-focus,マサイさんは何を見ましたか？,マサイさんは大きい月を見ましたよ。,filler,マサイや　なうゆどぅ　みーたいが？,マサイや　がばーつっちゅーどぅ　みーたいよ。
92,119,藻,algae.jpeg,phrase-medial,out-of-focus,カニさんは大きい藻を見ましたか？,いいえ、マサイさんが大きい藻を見ましたよ。,comparison,カニがどぅ　がばーむーゆ　みーたいな？,あらん。マサイがどぅ　がばーむーゆ　みーたいよ。
102,120,縄,nawa.jpeg,utt-initial,out-of-focus,太ももが西村の方に見えますか？,いいえ、太ももが池間の方に見えますよ。,comparison,なーぬどぅ　西村ん　みーらいゆーな？,あらん。なーぬどぅ　池間ん　みーらいゆーい。
8,121,蜘蛛,spider.jpeg,phrase-medial,out-of-focus,カニさんは大きい蜘蛛を見ましたか？,いいえ、マサイさんが大きい蜘蛛を見ましたよ。,experiment,カニがどぅ　がばーん°むー　みーたいな？,あらん。マサイがどぅ　がばーん°むー　みーたいよ。
86,122,猫,cat.jpeg,phrase-medial,out-of-focus,カニさんは大きい猫を見ましたか？,いいえ、マサイさんが大きい猫を見ましたよ。,comparison,カニがどぅ　がばーまゆー　みーたいな？,あらん。マサイがどぅ　がばーまゆー　みーたいよ。
41,123,芋,imo.jpeg,utt-initial,in-focus,何が池間の方に見えますか？,芋が池間の方に見えますよ。,experiment,なうぬどぅ　池間ん　みーらいゆ？,んーぬどぅ　池間ん　みーらいゆーい。
108,124,葉,leaf.jpeg,utt-initial,out-of-focus,葉が西村の方に見えますか？,いいえ、葉が池間の方に見えますよ。,filler,はーぬどぅ　西村ん　みーらいゆーな？,あらん。はーぬどぅ　池間ん　みーらいゆーい。
48,125,巻貝,makigai.jpeg,utt-initial,out-of-focus,巻貝が西村の方に見えますか？,いいえ、巻貝が池間の方に見えますよ。,experiment,んなぬどぅ　西村ん　みーらいゆーな？,あらん。んなぬどぅ　池間ん　みーらいゆーい。
14,126,綱,tsuna.jpeg,phrase-medial,out-of-focus,カニさんは大きい綱を見ましたか？,いいえ、マサイさんが大きい綱を見ましたよ。,experiment,カニがどぅ　がばーん°なう　みーたいな？,あらん。マサイがどぅ　がばーん°なう　みーたいよ。
35,127,草,grass.jpeg,utt-initial,in-focus,何が池間の方に見えますか？,草が池間の方に見えますよ。,experiment,なうぬどぅ　池間ん　みーらいゆ？,っさぬどぅ　池間ん　みーらいゆーい。
141,128,足,foot.jpeg,utt-medial,in-focus,マサイさんは何を見ましたか？,マサイさんは足を見ましたよ。,filler,マサイや　なうゆどぅ　みーたいが？,マサイや　はっじゅどぅ　みーたいよ。
130,129,手,hand.jpeg,utt-medial,out-of-focus,カニさんは手を見ましたか？,いいえ、マサイさんが手を見ましたよ。,filler,カニがどぅ　てぃーゆ　みーたいな？,あらん。マサイがどぅ　てぃーゆ　みーたいよ。
128,130,手,hand.jpeg,phrase-medial,out-of-focus,カニさんは大きい手を見ましたか？,いいえ、マサイさんが大きい手を見ましたよ。,filler,カニがどぅ　がばーてぃーゆ　みーたいな？,あらん。マサイがどぅ　がばーてぃーゆ　みーたいよ。
107,131,葉,leaf.jpeg,utt-initial,in-focus,何が池間の方に見えますか？,葉が池間の方に見えますよ。,filler,なうぬどぅ　池間ん　みーらいゆ？,はーぬどぅ　池間ん　みーらいゆーい。
37,132,芋,imo.jpeg,phrase-medial,in-focus,マサイさんは何を見ましたか？,マサイさんは大きい芋を見ましたよ。,experiment,マサイや　なうゆどぅ　みーたいが？,マサイや　がばーんーぬどぅ　みーたいよ。
131,133,手,hand.jpeg,utt-initial,in-focus,何が池間の方に見えますか？,手が池間の方に見えますよ。,filler,なうぬどぅ　池間ん　みーらいゆ？,てぃーぬどぅ　池間ん　みーらいゆーい。
111,134,鼻,nose.jpeg,utt-medial,in-focus,マサイさんは何を見ましたか？,マサイさんは鼻を見ましたよ。,filler,マサイや　なうゆどぅ　みーたいが？,マサイや　はなうどぅ　みーたいよ。
51,135,みの,mino.jpeg,utt-medial,in-focus,マサイさんは何を見ましたか？,マサイさんはみのを見ましたよ。,experiment,マサイや　なうゆどぅ　みーたいが？,マサイや　んぬーどぅ　みーたいよ。
3,136,雲,cloud.jpeg,utt-medial,in-focus,マサイさんは何を見ましたか？,マサイさんは雲を見ましたよ。,experiment,マサイや　なうゆどぅ　みーたいが？,マサイや　ん°むーどぅ　みーたいよ。
59,137,魚,fish.jpeg,utt-initial,in-focus,何が池間の方に見えますか？,魚が池間の方に見えますよ。,experiment,なうぬどぅ　池間ん　みーらいゆ？,っずぬどぅ　池間ん　みーらいゆーい。
49,138,みの,mino.jpeg,phrase-medial,in-focus,マサイさんは何を見ましたか？,マサイさんは大きいみのを見ましたよ。,experiment,マサイや　なうゆどぅ　みーたいが？,マサイや　がばーんぬーどぅ　みーたいよ。
40,139,芋,imo.jpeg,utt-medial,out-of-focus,カニさんは芋を見ましたか？,いいえ、マサイさんが芋を見ましたよ。,experiment,カニがどぅ　んーぬ　みーたいな？,あらん。マサイがどぅ　んーぬ　みーたいよ。
81,140,おにぎり,onigiri.jpeg,utt-medial,in-focus,マサイさんは何を見ましたか？,マサイさんはおにぎりを見ましたよ。,comparison,マサイや　なうゆどぅ　みーたいが？,マサイや　ぬいゆどぅ　みーたいよ。
88,141,猫,cat.jpeg,utt-medial,out-of-focus,カニさんは猫を見ましたか？,いいえ、マサイさんが猫を見ましたよ。,comparison,カニがどぅ　まゆー　みーたいな？,あらん。マサイがどぅ　まゆー　みーたいよ。
11,142,蜘蛛,spider.jpeg,utt-initial,in-focus,何が池間の方に見えますか？,蜘蛛が池間の方に見えますよ。,experiment,なうぬどぅ　池間ん　みーらいゆ？,ん°むぬどぅ　池間ん　みーらいゆーい。
10,143,蜘蛛,spider.jpeg,utt-medial,out-of-focus,カニさんは蜘蛛を見ましたか？,いいえ、マサイさんが蜘蛛を見ましたよ。,experiment,カニがどぅ　ん°むー　みーたいな？,あらん。マサイがどぅ　ん°むー　みーたいよ。
9,144,蜘蛛,spider.jpeg,utt-medial,in-focus,マサイさんは何を見ましたか？,マサイさんは蜘蛛を見ましたよ。,experiment,マサイや　なうゆどぅ　みーたいが？,マサイや　ん°むーどぅ　みーたいよ。
84,145,おにぎり,onigiri.jpeg,utt-initial,out-of-focus,おにぎりが西村の方に見えますか？,いいえ、おにぎりが池間の方に見えますよ。,comparison,ぬいぬどぅ　西村ん　みーらいゆーな？,あらん。ぬいぬどぅ　池間ん　みーらいゆーい。
133,146,目,eye.jpeg,phrase-medial,in-focus,マサイさんは何を見ましたか？,マサイさんは大きい目を見ましたよ。,filler,マサイや　なうゆどぅ　みーたいが？,マサイや　がばーみーゆどぅ　みーたいよ。
97,147,縄,nawa.jpeg,phrase-medial,in-focus,マサイさんは何を見ましたか？,マサイさんは大きい縄を見ましたよ。,comparison,マサイや　なうゆどぅ　みーたいが？,マサイや　がばーなーゆどぅ　みーたいよ。
103,148,葉,leaf.jpeg,phrase-medial,in-focus,マサイさんは何を見ましたか？,マサイさんは大きい葉を見ましたよ。,filler,マサイや　なうゆどぅ　みーたいが？,マサイや　がばーはーゆどぅ　みーたいよ。
149,149,しっぽ,tail.jpeg,utt-initial,in-focus,何が池間の方に見えますか？,しっぽが池間の方に見えますよ。,filler,なうぬどぅ　池間ん　みーらいゆ？,じゅーぬどぅ　池間ん　みーらいゆーい。
20,150,角,horn.jpeg,phrase-medial,out-of-focus,カニさんは大きい角を見ましたか？,いいえ、マサイさんが大きい角を見ましたよ。,experiment,カニがどぅ　がばーん°ぬう　みーたいな？,あらん。マサイがどぅ　がばーん°ぬう　みーたいよ。
73,151,波,nami.jpeg,phrase-medial,in-focus,マサイさんは何を見ましたか？,マサイさんは大きい波を見ましたよ。,comparison,マサイや　なうゆどぅ　みーたいが？,マサイや　がばーなんぬどぅ　みーたいよ。
70,152,凪,nagi.jpeg,utt-medial,out-of-focus,カニさんは凪を見ましたか？,いいえ、マサイさんが凪を見ましたよ。,comparison,カニがどぅ　なぎゅー　みーたいな？,あらん。マサイがどぅ　なぎゅー　みーたいよ。
30,153,舌,tongue.jpeg,utt-initial,out-of-focus,舌が西村の方に見えますか？,いいえ、舌が池間の方に見えますよ。,experiment,ったぬどぅ　西村ん　みーらいゆーな？,あらん。ったぬどぅ　池間ん　みーらいゆーい。
80,154,おにぎり,onigiri.jpeg,phrase-medial,out-of-focus,カニさんは大きいおにぎりを見ましたか？,いいえ、マサイさんが大きいおにぎりを見ましたよ。,comparison,カニがどぅ　がばーぬいゆ　みーたいな？,あらん。マサイがどぅ　がばーぬいゆ　みーたいよ。
101,155,縄,nawa.jpeg,utt-initial,in-focus,何が池間の方に見えますか？,縄が池間の方に見えますよ。,comparison,なうぬどぅ　池間ん　みーらいゆ？,なーぬどぅ　池間ん　みーらいゆーい。
69,156,凪,nagi.jpeg,utt-medial,in-focus,マサイさんは何を見ましたか？,マサイさんは凪を見ましたよ。,comparison,マサイや　なうゆどぅ　みーたいが？,マサイや　なぎゅーどぅ　みーたいよ。
